node_id,acc_age_days,is_merchant,risk_region
User_0,2988,0,1
User_1,2657,0,0
User_2,2098,0,0
User_3,340,0,0
User_4,4976,0,0
User_5,3319,0,0
User_6,946,0,0
User_7,3675,0,0
User_8,908,0,0
User_9,4799,0,0
User_10,81,0,0
User_11,3882,0,0
User_12,358,0,0
User_13,3025,0,0
User_14,3051,0,0
User_15,1978,0,0
User_16,2691,0,0
User_17,2546,0,0
User_18,3192,0,0
User_19,4122,0,0
User_20,3247,0,0
User_21,3317,0,0
User_22,4794,0,0
User_23,1612,0,0
User_24,4115,0,0
User_25,1239,0,0
User_26,1724,0,0
User_27,4452,0,0
User_28,2798,0,0
User_29,1791,1,0
User_30,4089,0,0
User_31,3707,0,0
User_32,1445,0,0
User_33,3247,0,0
User_34,3393,0,0
User_35,4477,0,0
User_36,729,0,0
User_37,2682,0,0
User_38,3854,1,0
User_39,1433,1,0
User_40,4814,0,0
User_41,3677,0,0
User_42,2638,0,0
User_43,3806,1,0
User_44,1218,1,0
User_45,2756,0,0
User_46,1091,0,0
User_47,4170,0,0
User_48,3911,0,0
User_49,400,0,0
User_50,2833,0,0
User_51,4501,0,0
User_52,4042,0,0
User_53,4505,0,0
User_54,687,0,0
User_55,2857,0,0
User_56,1294,0,0
User_57,4059,0,0
User_58,4793,0,0
User_59,28,0,0
User_60,1666,0,0
User_61,653,0,0
User_62,4626,0,0
User_63,2460,0,0
User_64,1362,0,0
User_65,2167,0,0
User_66,1968,0,0
User_67,4642,0,0
User_68,4488,0,0
User_69,4148,0,0
User_70,2126,0,0
User_71,3070,0,0
User_72,2020,1,0
User_73,3916,0,0
User_74,3905,0,0
User_75,3192,0,0
User_76,3533,0,0
User_77,1175,0,0
User_78,225,0,0
User_79,3792,0,0
User_80,3725,0,0
User_81,2964,0,0
User_82,4784,0,0
User_83,251,1,0
User_84,536,0,0
User_85,2081,0,0
User_86,2804,0,0
User_87,222,0,0
User_88,2267,0,0
User_89,106,0,0
User_90,361,0,0
User_91,3381,0,0
User_92,3764,0,0
User_93,1044,0,0
User_94,4200,0,0
User_95,3347,0,0
User_96,4176,1,0
User_97,3073,0,0
User_98,4010,0,0
User_99,42,0,0
User_100,2040,0,0
User_101,4728,1,0
User_102,3827,0,0
User_103,2497,0,0
User_104,2096,0,0
User_105,1984,0,0
User_106,4712,0,1
User_107,1047,0,0
User_108,3852,0,0
User_109,3460,0,0
User_110,719,0,0
User_111,4056,0,0
User_112,1602,0,0
User_113,3637,0,0
User_114,1248,0,0
User_115,202,0,0
User_116,391,0,0
User_117,2381,0,0
User_118,3804,0,0
User_119,3589,0,0
User_120,4199,0,0
User_121,1473,0,0
User_122,1989,0,0
User_123,779,0,0
User_124,1229,1,0
User_125,3053,0,0
User_126,3019,0,0
User_127,2897,0,0
User_128,1509,0,0
User_129,3267,0,0
User_130,1370,0,0
User_131,582,0,0
User_132,4022,0,0
User_133,1523,0,0
User_134,3542,0,0
User_135,3186,0,0
User_136,2385,0,0
User_137,166,0,0
User_138,3883,0,0
User_139,492,0,0
User_140,4336,0,0
User_141,3782,1,0
User_142,3866,0,0
User_143,375,0,0
User_144,4807,0,0
User_145,4013,0,0
User_146,3053,1,0
User_147,1800,0,0
User_148,2714,0,0
User_149,2684,0,0
User_150,3004,0,0
User_151,2567,0,0
User_152,2774,0,0
User_153,240,0,0
User_154,3428,0,0
User_155,1585,0,0
User_156,3775,0,0
User_157,1122,0,0
User_158,851,0,0
User_159,2887,0,0
User_160,1993,0,0
User_161,455,0,0
User_162,2641,0,0
User_163,3736,0,0
User_164,2357,0,0
User_165,4180,0,0
User_166,2400,0,0
User_167,1921,0,0
User_168,69,0,0
User_169,2489,0,0
User_170,292,0,0
User_171,4868,0,0
User_172,128,0,0
User_173,290,0,0
User_174,1222,0,0
User_175,3756,0,0
User_176,2639,0,0
User_177,3271,0,0
User_178,2261,0,0
User_179,3555,0,0
User_180,4828,0,0
User_181,921,1,0
User_182,3508,0,0
User_183,2828,0,0
User_184,1673,0,0
User_185,4864,0,0
User_186,927,0,0
User_187,3566,0,0
User_188,4201,0,0
User_189,1774,0,0
User_190,2299,0,0
User_191,2410,0,0
User_192,4253,0,0
User_193,1034,1,0
User_194,2307,0,0
User_195,1257,0,0
User_196,92,0,0
User_197,971,0,0
User_198,84,0,0
User_199,2129,0,0
User_200,2969,0,0
User_201,171,0,0
User_202,502,0,0
User_203,4643,0,0
User_204,3436,0,0
User_205,3905,0,0
User_206,1216,0,0
User_207,83,0,0
User_208,1732,0,0
User_209,4889,0,1
User_210,1529,0,0
User_211,1986,0,0
User_212,92,1,0
User_213,446,0,0
User_214,3984,0,0
User_215,3406,0,0
User_216,1881,0,1
User_217,1543,0,0
User_218,1951,0,0
User_219,3568,0,0
User_220,4045,0,0
User_221,2598,0,0
User_222,800,0,0
User_223,4629,0,0
User_224,974,0,0
User_225,149,0,0
User_226,4347,0,0
User_227,459,1,0
User_228,4784,0,0
User_229,4250,1,0
User_230,3762,0,0
User_231,3913,0,0
User_232,2324,0,0
User_233,4890,0,0
User_234,4512,0,0
User_235,2980,0,0
User_236,4235,0,0
User_237,4610,0,0
User_238,1167,0,0
User_239,1895,0,0
User_240,4965,0,0
User_241,2994,0,0
User_242,1597,0,0
User_243,1641,1,0
User_244,2900,0,0
User_245,3831,1,0
User_246,343,1,1
User_247,518,0,0
User_248,497,0,0
User_249,604,0,0
User_250,4844,0,0
User_251,710,0,0
User_252,236,0,0
User_253,3574,0,0
User_254,1256,0,0
User_255,2426,0,0
User_256,4263,0,0
User_257,597,0,0
User_258,715,0,0
User_259,2363,0,0
User_260,2292,0,0
User_261,3432,0,0
User_262,2881,0,0
User_263,1363,0,0
User_264,114,0,0
User_265,1452,0,0
User_266,2548,0,0
User_267,2714,0,0
User_268,836,0,0
User_269,1486,0,0
User_270,3910,0,0
User_271,4981,0,0
User_272,4661,0,0
User_273,2571,0,0
User_274,3478,0,0
User_275,745,0,0
User_276,3776,0,0
User_277,4775,0,0
User_278,3459,0,0
User_279,363,0,0
User_280,662,0,0
User_281,977,0,0
User_282,194,0,0
User_283,4354,0,0
User_284,77,0,0
User_285,2119,0,0
User_286,2445,0,0
User_287,4489,0,0
User_288,1526,0,0
User_289,2756,0,0
User_290,3846,0,0
User_291,1283,0,0
User_292,58,0,0
User_293,4772,0,0
User_294,4788,0,0
User_295,1057,0,0
User_296,1589,0,0
User_297,127,0,0
User_298,2978,0,0
User_299,1174,0,0
User_300,4248,1,0
User_301,476,0,0
User_302,1073,0,0
User_303,2487,0,0
User_304,2704,0,0
User_305,2988,0,0
User_306,3106,0,0
User_307,3974,0,0
User_308,2596,0,0
User_309,1065,0,0
User_310,354,0,0
User_311,4590,0,0
User_312,914,0,0
User_313,2393,0,0
User_314,3776,1,0
User_315,2939,0,0
User_316,3038,0,0
User_317,2508,0,0
User_318,1769,0,0
User_319,3755,0,0
User_320,4512,0,0
User_321,3442,1,0
User_322,4057,0,0
User_323,450,0,0
User_324,2354,0,0
User_325,646,0,0
User_326,3376,0,0
User_327,3569,0,0
User_328,4448,0,0
User_329,1084,0,0
User_330,2223,0,0
User_331,3003,0,0
User_332,24,0,0
User_333,2820,1,0
User_334,3389,0,0
User_335,3338,0,0
User_336,2985,0,0
User_337,4946,0,0
User_338,3880,1,0
User_339,3757,0,0
User_340,1536,0,0
User_341,447,0,0
User_342,3999,0,0
User_343,3302,1,0
User_344,4398,0,0
User_345,3224,0,0
User_346,1586,0,0
User_347,2083,0,0
User_348,933,0,0
User_349,3868,0,0
User_350,2815,0,0
User_351,1660,0,0
User_352,565,0,0
User_353,2706,0,0
User_354,2676,0,0
User_355,790,0,0
User_356,4412,0,0
User_357,3039,0,0
User_358,3950,0,0
User_359,3919,0,0
User_360,1962,0,0
User_361,3942,0,0
User_362,4798,0,0
User_363,4680,0,0
User_364,2688,0,0
User_365,4749,0,0
User_366,833,0,0
User_367,3100,0,0
User_368,178,0,0
User_369,1948,0,0
User_370,314,0,0
User_371,2352,0,0
User_372,4482,0,0
User_373,2407,0,0
User_374,3734,0,0
User_375,3817,0,0
User_376,2156,0,0
User_377,843,0,0
User_378,3998,0,0
User_379,2909,0,0
User_380,3290,0,0
User_381,952,0,0
User_382,4460,0,0
User_383,851,0,0
User_384,561,0,0
User_385,892,0,0
User_386,501,0,0
User_387,2508,0,0
User_388,592,0,1
User_389,3535,0,0
User_390,1824,0,0
User_391,2339,0,0
User_392,671,0,0
User_393,3411,0,0
User_394,3468,0,0
User_395,4999,0,0
User_396,188,0,0
User_397,2332,0,0
User_398,237,0,0
User_399,4901,0,0
User_400,506,0,0
User_401,2306,1,0
User_402,2978,0,0
User_403,67,0,0
User_404,1880,0,0
User_405,3372,0,0
User_406,2858,0,0
User_407,4443,0,0
User_408,441,0,0
User_409,3003,0,0
User_410,3133,0,0
User_411,4586,0,0
User_412,2736,0,0
User_413,3379,0,0
User_414,3520,0,0
User_415,471,0,0
User_416,3178,0,0
User_417,2365,0,0
User_418,2160,0,0
User_419,2150,0,0
User_420,222,0,0
User_421,1878,0,0
User_422,3376,1,1
User_423,2708,0,0
User_424,4081,0,0
User_425,4373,0,0
User_426,3198,0,0
User_427,3700,0,0
User_428,688,0,0
User_429,2571,0,0
User_430,2162,0,0
User_431,1728,0,0
User_432,4405,0,0
User_433,781,0,0
User_434,1720,0,0
User_435,4925,0,0
User_436,4957,0,0
User_437,3048,1,0
User_438,1191,0,0
User_439,1778,0,1
User_440,1142,0,0
User_441,4521,0,0
User_442,4606,0,0
User_443,990,0,0
User_444,2626,0,0
User_445,812,0,0
User_446,1596,0,0
User_447,1957,1,0
User_448,1320,0,0
User_449,3154,0,0
User_450,3719,0,0
User_451,3039,0,0
User_452,2912,0,0
User_453,2277,0,0
User_454,713,0,0
User_455,596,0,0
User_456,3923,0,0
User_457,2258,0,0
User_458,1493,0,0
User_459,4448,0,0
User_460,3616,0,0
User_461,4623,0,0
User_462,3441,1,0
User_463,2850,0,0
User_464,4568,0,0
User_465,4287,0,0
User_466,1766,1,0
User_467,2520,0,0
User_468,3730,0,0
User_469,3532,0,0
User_470,1415,0,0
User_471,3580,0,0
User_472,1995,0,0
User_473,4070,0,0
User_474,4817,0,0
User_475,3296,0,0
User_476,1291,0,0
User_477,272,0,0
User_478,2274,1,0
User_479,3205,0,1
User_480,1509,0,0
User_481,828,0,0
User_482,4042,0,0
User_483,3706,0,0
User_484,4781,0,0
User_485,1029,0,0
User_486,116,0,0
User_487,979,0,0
User_488,4685,0,0
User_489,4471,0,0
User_490,4736,0,0
User_491,4,0,0
User_492,2421,0,0
User_493,2767,0,0
User_494,1059,0,0
User_495,3239,0,0
User_496,1496,0,0
User_497,1566,0,0
User_498,75,0,0
User_499,3088,0,0
User_500,626,0,0
User_501,4733,0,0
User_502,3964,0,0
User_503,1003,0,1
User_504,243,0,0
User_505,1659,0,0
User_506,4847,0,0
User_507,4039,0,0
User_508,2521,0,0
User_509,2097,0,0
User_510,2288,0,0
User_511,2859,0,0
User_512,1085,0,1
User_513,237,0,0
User_514,2960,0,0
User_515,1059,0,0
User_516,2560,1,0
User_517,4604,0,0
User_518,740,0,0
User_519,3163,0,0
User_520,1631,0,0
User_521,2302,0,0
User_522,1930,0,0
User_523,3943,0,0
User_524,968,0,0
User_525,2603,0,0
User_526,1402,0,0
User_527,911,0,0
User_528,571,0,0
User_529,1127,0,0
User_530,645,1,0
User_531,3773,0,0
User_532,4341,0,0
User_533,3324,0,0
User_534,2364,0,0
User_535,1109,0,0
User_536,2856,0,0
User_537,343,0,0
User_538,964,0,0
User_539,320,0,0
User_540,767,0,0
User_541,3916,0,0
User_542,2699,0,0
User_543,4485,0,0
User_544,4244,0,0
User_545,4626,0,0
User_546,55,0,0
User_547,516,0,0
User_548,1081,0,0
User_549,4117,0,0
User_550,1321,0,0
User_551,3738,0,0
User_552,3418,0,0
User_553,4773,0,0
User_554,3108,0,0
User_555,1748,1,0
User_556,3508,0,0
User_557,4347,0,0
User_558,1391,0,0
User_559,2714,0,0
User_560,4448,0,0
User_561,1955,0,0
User_562,4522,0,0
User_563,1238,0,0
User_564,293,0,0
User_565,1835,0,0
User_566,2722,0,0
User_567,2715,0,0
User_568,779,0,0
User_569,290,0,0
User_570,903,0,0
User_571,1369,0,0
User_572,4228,0,0
User_573,4288,0,0
User_574,4422,0,0
User_575,1369,0,0
User_576,3647,0,0
User_577,3430,0,0
User_578,1510,0,0
User_579,3231,0,0
User_580,2446,0,0
User_581,1388,0,0
User_582,1935,0,0
User_583,1018,0,0
User_584,3172,0,0
User_585,645,0,0
User_586,4808,0,1
User_587,3846,0,0
User_588,1014,0,0
User_589,2058,0,0
User_590,235,0,0
User_591,4877,0,0
User_592,940,0,0
User_593,922,0,0
User_594,4081,0,0
User_595,4376,0,0
User_596,3040,0,0
User_597,3204,0,0
User_598,3075,0,0
User_599,1301,0,0
User_600,4120,0,0
User_601,1721,0,0
User_602,35,0,0
User_603,4496,0,0
User_604,1393,0,1
User_605,1520,0,0
User_606,4068,0,0
User_607,3323,0,0
User_608,3118,0,0
User_609,3096,1,0
User_610,4995,0,0
User_611,180,0,0
User_612,4382,0,0
User_613,3952,0,0
User_614,4181,0,0
User_615,1850,0,0
User_616,4163,0,0
User_617,4999,0,0
User_618,3019,0,0
User_619,127,0,0
User_620,3951,0,0
User_621,1148,0,0
User_622,3268,0,0
User_623,1257,0,0
User_624,4480,0,0
User_625,1335,0,0
User_626,1313,0,0
User_627,3401,0,0
User_628,687,0,0
User_629,2384,0,0
User_630,3138,0,0
User_631,557,0,1
User_632,676,0,0
User_633,2721,0,0
User_634,1157,0,0
User_635,2489,0,0
User_636,1051,0,0
User_637,2011,0,0
User_638,4493,0,0
User_639,4501,0,0
User_640,3727,0,0
User_641,1915,0,0
User_642,3421,0,0
User_643,2514,0,0
User_644,176,0,0
User_645,491,0,0
User_646,2601,0,0
User_647,614,0,0
User_648,1810,0,0
User_649,4909,0,0
User_650,994,0,0
User_651,3085,0,0
User_652,2135,0,0
User_653,2357,0,0
User_654,2650,0,0
User_655,1301,0,0
User_656,1156,0,0
User_657,2069,0,0
User_658,2791,0,0
User_659,186,0,0
User_660,2366,0,0
User_661,3878,0,0
User_662,705,0,0
User_663,3545,0,0
User_664,404,0,0
User_665,1779,0,0
User_666,2556,0,0
User_667,4916,0,0
User_668,1259,0,0
User_669,3148,0,0
User_670,4475,0,0
User_671,1995,0,1
User_672,365,0,0
User_673,3639,0,0
User_674,71,0,0
User_675,4724,0,0
User_676,4083,0,0
User_677,1215,0,0
User_678,4219,0,0
User_679,3628,0,0
User_680,1349,0,0
User_681,4827,1,0
User_682,2496,0,0
User_683,4555,0,0
User_684,3573,0,0
User_685,3342,0,0
User_686,252,0,0
User_687,1617,0,0
User_688,2940,0,0
User_689,2342,0,1
User_690,4012,0,0
User_691,160,0,0
User_692,187,0,0
User_693,1484,0,0
User_694,1753,0,0
User_695,2648,1,0
User_696,3158,0,0
User_697,4905,0,0
User_698,3685,0,0
User_699,15,0,0
User_700,4115,0,0
User_701,3025,0,0
User_702,4520,0,0
User_703,4436,0,0
User_704,217,0,0
User_705,1568,0,0
User_706,4343,0,0
User_707,4945,0,0
User_708,403,0,0
User_709,464,0,0
User_710,1212,1,0
User_711,1662,1,0
User_712,1768,0,0
User_713,1180,0,0
User_714,3358,0,0
User_715,3433,0,0
User_716,1853,0,0
User_717,1352,0,0
User_718,3269,0,0
User_719,2683,0,0
User_720,4291,0,0
User_721,524,0,0
User_722,3266,0,0
User_723,1334,0,0
User_724,2999,0,0
User_725,1757,0,0
User_726,1377,0,0
User_727,1463,0,0
User_728,992,0,0
User_729,2548,0,0
User_730,541,0,0
User_731,2070,0,0
User_732,4783,0,0
User_733,3480,0,0
User_734,4147,0,0
User_735,3415,0,0
User_736,4016,0,0
User_737,3067,0,0
User_738,1724,0,0
User_739,1774,0,0
User_740,3033,0,0
User_741,1547,0,0
User_742,3207,0,0
User_743,3558,0,0
User_744,3693,0,0
User_745,4692,0,0
User_746,315,1,0
User_747,2340,0,0
User_748,683,0,0
User_749,2332,0,0
User_750,2266,0,1
User_751,4969,0,0
User_752,574,0,0
User_753,313,0,0
User_754,3704,0,0
User_755,3622,1,0
User_756,4321,0,0
User_757,178,0,0
User_758,3650,0,0
User_759,1509,0,0
User_760,987,0,0
User_761,4487,0,0
User_762,405,0,0
User_763,4139,1,0
User_764,3139,1,0
User_765,1267,0,0
User_766,4424,0,0
User_767,4940,0,1
User_768,3372,0,0
User_769,1891,0,0
User_770,2874,0,0
User_771,4592,0,0
User_772,186,0,0
User_773,598,0,0
User_774,1207,0,0
User_775,1379,0,0
User_776,1135,0,0
User_777,2178,0,0
User_778,2577,0,0
User_779,3057,0,0
User_780,3348,0,0
User_781,3854,0,0
User_782,4221,0,0
User_783,2358,0,0
User_784,3168,0,0
User_785,2248,0,0
User_786,2147,0,0
User_787,1908,0,0
User_788,396,0,0
User_789,4187,0,0
User_790,1262,0,0
User_791,131,0,0
User_792,4867,1,0
User_793,4652,0,0
User_794,1934,0,0
User_795,1870,0,0
User_796,4019,0,0
User_797,2147,0,0
User_798,3778,0,0
User_799,2146,0,0
User_800,2013,0,0
User_801,4143,0,0
User_802,3940,0,0
User_803,3502,0,0
User_804,4132,0,0
User_805,3207,0,0
User_806,3416,0,0
User_807,1314,0,0
User_808,356,0,0
User_809,288,1,0
User_810,4113,0,0
User_811,4875,0,0
User_812,3822,0,0
User_813,4475,0,0
User_814,1497,0,0
User_815,2791,0,0
User_816,4383,0,0
User_817,1150,0,0
User_818,2789,0,0
User_819,1826,0,0
User_820,3754,0,0
User_821,4492,0,0
User_822,2418,0,0
User_823,3278,0,0
User_824,390,0,0
User_825,2782,0,0
User_826,845,0,0
User_827,3057,0,0
User_828,2760,0,0
User_829,2397,0,0
User_830,1425,0,0
User_831,1173,0,0
User_832,1574,0,0
User_833,866,0,0
User_834,1523,0,0
User_835,2185,0,0
User_836,3209,0,0
User_837,4265,0,0
User_838,1335,0,0
User_839,3159,0,0
User_840,2508,0,0
User_841,4528,0,0
User_842,4435,0,0
User_843,3061,1,0
User_844,303,0,0
User_845,3261,0,0
User_846,3382,1,0
User_847,1554,0,0
User_848,3887,0,0
User_849,2400,0,0
User_850,2272,0,0
User_851,943,0,0
User_852,4615,0,0
User_853,3952,0,0
User_854,3105,0,0
User_855,3234,0,0
User_856,803,0,0
User_857,4973,0,0
User_858,3127,0,0
User_859,6,0,0
User_860,173,0,0
User_861,3996,0,0
User_862,194,0,0
User_863,1581,1,0
User_864,2271,0,0
User_865,1008,0,0
User_866,374,0,0
User_867,3771,0,0
User_868,1864,0,0
User_869,1334,0,1
User_870,1497,1,1
User_871,3818,0,0
User_872,4855,0,0
User_873,4444,0,0
User_874,2989,1,0
User_875,1471,0,0
User_876,3510,0,0
User_877,4721,0,0
User_878,2544,0,0
User_879,3749,0,0
User_880,2459,0,1
User_881,2867,0,0
User_882,4324,0,0
User_883,4350,0,0
User_884,4036,0,0
User_885,3479,0,0
User_886,3154,0,0
User_887,4282,0,0
User_888,3245,0,0
User_889,32,0,0
User_890,1490,0,0
User_891,301,1,0
User_892,3836,0,0
User_893,730,0,0
User_894,2867,0,0
User_895,956,0,0
User_896,93,0,0
User_897,1839,0,0
User_898,1379,0,0
User_899,4947,0,0
User_900,3249,1,0
User_901,3107,0,0
User_902,1950,0,0
User_903,2337,0,0
User_904,2785,0,0
User_905,3435,1,0
User_906,2889,0,0
User_907,1767,0,0
User_908,4784,0,0
User_909,1527,0,0
User_910,4956,0,0
User_911,4848,0,0
User_912,1170,0,0
User_913,648,0,1
User_914,3732,0,0
User_915,2041,0,0
User_916,2643,0,1
User_917,3482,0,0
User_918,812,0,0
User_919,2732,0,0
User_920,3486,0,0
User_921,1194,0,0
User_922,2767,0,0
User_923,1087,0,0
User_924,4311,0,0
User_925,3005,0,0
User_926,2395,0,0
User_927,1849,0,0
User_928,850,0,0
User_929,1341,0,0
User_930,3719,0,0
User_931,4757,0,0
User_932,4959,0,0
User_933,499,0,0
User_934,2119,0,0
User_935,1024,0,0
User_936,4592,0,0
User_937,3759,0,0
User_938,4206,0,0
User_939,3355,0,0
User_940,1393,0,0
User_941,649,0,0
User_942,361,0,0
User_943,502,0,0
User_944,3058,1,0
User_945,2414,0,0
User_946,4255,0,0
User_947,860,0,0
User_948,2208,0,0
User_949,4935,0,0
User_950,4905,0,0
User_951,3509,0,0
User_952,1971,0,0
User_953,1310,0,0
User_954,3581,0,0
User_955,684,0,0
User_956,4316,0,0
User_957,2333,0,0
User_958,3609,0,0
User_959,4400,0,0
User_960,3613,0,0
User_961,1450,0,0
User_962,2178,0,0
User_963,149,1,0
User_964,1908,0,0
User_965,2707,0,0
User_966,4108,0,0
User_967,3249,0,0
User_968,1862,0,0
User_969,3852,0,0
User_970,2513,0,0
User_971,4757,0,0
User_972,2540,0,0
User_973,1625,0,0
User_974,2813,0,0
User_975,2191,0,0
User_976,226,0,0
User_977,900,0,0
User_978,4305,0,0
User_979,4921,0,0
User_980,2645,0,0
User_981,1866,0,0
User_982,1744,0,0
User_983,4244,0,0
User_984,4306,0,0
User_985,3305,0,0
User_986,3175,0,0
User_987,4437,0,0
User_988,4154,0,0
User_989,2341,0,0
User_990,1646,0,0
User_991,3360,0,0
User_992,4659,1,0
User_993,4365,0,0
User_994,2877,0,0
User_995,3627,0,0
User_996,3899,0,0
User_997,750,0,0
User_998,3171,0,0
User_999,1047,0,0
User_1000,68,0,0
User_1001,4464,0,0
User_1002,4002,0,0
User_1003,2057,0,0
User_1004,56,0,0
User_1005,1137,0,0
User_1006,493,0,0
User_1007,2312,0,0
User_1008,4778,0,0
User_1009,3851,0,0
User_1010,3016,0,0
User_1011,3833,0,0
User_1012,3162,0,0
User_1013,4404,0,0
User_1014,728,0,0
User_1015,2564,0,0
User_1016,4119,0,0
User_1017,1109,0,0
User_1018,3363,0,0
User_1019,1853,0,0
User_1020,2413,0,0
User_1021,885,0,0
User_1022,4805,0,0
User_1023,3168,0,0
User_1024,274,0,0
User_1025,4202,0,0
User_1026,3988,0,0
User_1027,301,0,0
User_1028,4895,0,0
User_1029,1680,0,0
User_1030,4678,0,0
User_1031,2158,0,0
User_1032,462,0,0
User_1033,3166,0,0
User_1034,2095,0,1
User_1035,1804,0,0
User_1036,391,0,0
User_1037,3704,0,0
User_1038,1452,0,0
User_1039,3002,0,0
User_1040,4861,0,0
User_1041,4171,0,0
User_1042,3313,0,0
User_1043,3529,0,0
User_1044,3496,0,0
User_1045,1717,0,0
User_1046,325,0,0
User_1047,475,0,0
User_1048,4494,0,0
User_1049,4729,0,0
User_1050,3816,0,0
User_1051,4316,0,0
User_1052,4592,0,1
User_1053,3099,0,0
User_1054,1823,1,0
User_1055,1303,0,0
User_1056,4366,0,0
User_1057,1560,0,1
User_1058,4941,0,0
User_1059,828,0,0
User_1060,4575,0,0
User_1061,659,0,0
User_1062,3001,0,0
User_1063,528,0,0
User_1064,252,0,0
User_1065,1760,0,0
User_1066,3873,0,0
User_1067,834,0,0
User_1068,3785,0,0
User_1069,199,0,0
User_1070,2148,0,0
User_1071,4073,0,0
User_1072,3660,0,0
User_1073,3817,0,1
User_1074,1065,0,0
User_1075,3518,0,0
User_1076,4310,0,0
User_1077,9,0,0
User_1078,3718,0,1
User_1079,202,0,0
User_1080,500,0,0
User_1081,330,0,0
User_1082,410,1,0
User_1083,1210,0,0
User_1084,4919,0,0
User_1085,1373,0,0
User_1086,2524,0,0
User_1087,1,0,1
User_1088,885,0,0
User_1089,1311,0,0
User_1090,1213,0,0
User_1091,910,0,0
User_1092,2019,1,0
User_1093,4560,0,0
User_1094,2439,0,0
User_1095,2975,0,0
User_1096,2768,0,0
User_1097,3537,0,0
User_1098,260,0,0
User_1099,1243,0,0
User_1100,1995,0,0
User_1101,237,0,0
User_1102,3211,0,0
User_1103,2769,1,0
User_1104,4605,0,0
User_1105,3832,0,0
User_1106,681,0,0
User_1107,149,0,0
User_1108,494,0,0
User_1109,4119,0,0
User_1110,285,0,0
User_1111,4000,0,0
User_1112,2693,0,0
User_1113,170,0,0
User_1114,3443,0,0
User_1115,4601,0,1
User_1116,385,0,0
User_1117,551,0,0
User_1118,1152,0,0
User_1119,26,0,0
User_1120,90,0,0
User_1121,4511,0,0
User_1122,2833,0,0
User_1123,1842,0,0
User_1124,1400,0,0
User_1125,4492,0,0
User_1126,1280,0,0
User_1127,1541,0,0
User_1128,2913,0,0
User_1129,3944,0,0
User_1130,494,0,0
User_1131,3150,0,0
User_1132,2525,0,0
User_1133,20,0,0
User_1134,2315,0,0
User_1135,3687,0,0
User_1136,2984,0,0
User_1137,4360,0,0
User_1138,3957,1,0
User_1139,4434,0,0
User_1140,4322,0,0
User_1141,1613,0,0
User_1142,4894,0,0
User_1143,3389,0,0
User_1144,4410,0,0
User_1145,853,0,0
User_1146,527,0,0
User_1147,1801,0,0
User_1148,1395,0,0
User_1149,114,0,0
User_1150,444,0,0
User_1151,1249,0,0
User_1152,1763,0,0
User_1153,3047,0,0
User_1154,1869,0,0
User_1155,1551,0,0
User_1156,2413,0,0
User_1157,1548,0,0
User_1158,4221,0,0
User_1159,4073,0,0
User_1160,4372,0,0
User_1161,2655,0,0
User_1162,1624,0,0
User_1163,2370,0,0
User_1164,1035,1,0
User_1165,1849,0,0
User_1166,2635,0,0
User_1167,1915,0,0
User_1168,1577,0,0
User_1169,1116,0,0
User_1170,3794,0,0
User_1171,1095,0,0
User_1172,461,0,0
User_1173,1696,0,0
User_1174,1998,0,0
User_1175,4801,0,0
User_1176,4207,0,0
User_1177,3347,0,0
User_1178,1407,0,0
User_1179,3451,1,0
User_1180,1726,0,0
User_1181,4771,0,1
User_1182,3264,0,0
User_1183,98,0,0
User_1184,3150,0,0
User_1185,1709,0,0
User_1186,822,0,0
User_1187,3617,0,0
User_1188,705,0,0
User_1189,3366,0,0
User_1190,785,0,0
User_1191,2510,0,0
User_1192,4246,0,0
User_1193,3414,0,0
User_1194,4118,0,0
User_1195,4380,0,0
User_1196,3961,0,0
User_1197,2384,0,0
User_1198,4498,0,1
User_1199,3534,0,0
User_1200,2545,0,0
User_1201,4159,0,0
User_1202,3418,0,1
User_1203,2804,0,0
User_1204,222,0,0
User_1205,4265,0,0
User_1206,959,0,0
User_1207,353,0,0
User_1208,801,0,0
User_1209,1013,0,0
User_1210,1886,0,0
User_1211,2495,0,0
User_1212,1895,0,0
User_1213,2764,0,0
User_1214,4329,0,0
User_1215,3305,0,0
User_1216,1160,0,0
User_1217,462,1,0
User_1218,3033,0,0
User_1219,452,0,0
User_1220,1141,0,0
User_1221,2781,0,0
User_1222,517,0,0
User_1223,4669,0,0
User_1224,724,0,0
User_1225,3736,0,0
User_1226,1764,0,0
User_1227,483,0,0
User_1228,1,0,0
User_1229,3484,0,0
User_1230,2991,0,0
User_1231,1930,0,0
User_1232,4698,0,0
User_1233,1960,0,0
User_1234,4774,0,0
User_1235,3639,0,0
User_1236,266,0,0
User_1237,3957,1,0
User_1238,1308,0,0
User_1239,3976,0,0
User_1240,486,0,0
User_1241,3410,0,0
User_1242,2154,1,0
User_1243,4385,0,0
User_1244,1580,0,0
User_1245,3077,0,0
User_1246,2622,0,1
User_1247,4724,0,0
User_1248,4383,0,0
User_1249,2227,0,0
User_1250,592,0,0
User_1251,4188,0,0
User_1252,2972,0,0
User_1253,2840,0,0
User_1254,381,0,0
User_1255,3234,0,0
User_1256,2382,0,0
User_1257,4754,0,0
User_1258,1118,0,0
User_1259,4206,0,0
User_1260,4713,0,0
User_1261,4188,0,0
User_1262,2164,0,0
User_1263,506,0,0
User_1264,3808,0,0
User_1265,1034,0,0
User_1266,2981,0,0
User_1267,3376,0,0
User_1268,2666,0,0
User_1269,2174,0,0
User_1270,2496,0,0
User_1271,1455,0,0
User_1272,929,0,0
User_1273,2516,0,0
User_1274,1413,0,0
User_1275,594,0,0
User_1276,4142,0,1
User_1277,4102,0,0
User_1278,3997,0,0
User_1279,2450,0,0
User_1280,4132,0,0
User_1281,4732,0,0
User_1282,1886,0,0
User_1283,3659,0,0
User_1284,4478,0,0
User_1285,2289,0,0
User_1286,3831,0,0
User_1287,3701,0,0
User_1288,3199,0,0
User_1289,3093,0,0
User_1290,3000,0,0
User_1291,4787,0,0
User_1292,2402,0,0
User_1293,3955,0,0
User_1294,2246,0,0
User_1295,2464,0,0
User_1296,2921,0,0
User_1297,3575,0,0
User_1298,3079,0,0
User_1299,3942,0,0
User_1300,2640,0,0
User_1301,2642,0,0
User_1302,2751,0,0
User_1303,3736,0,0
User_1304,3488,0,0
User_1305,629,0,0
User_1306,2658,0,0
User_1307,1289,0,0
User_1308,3863,0,0
User_1309,2097,0,0
User_1310,2136,0,0
User_1311,3521,0,0
User_1312,818,0,0
User_1313,670,0,1
User_1314,4849,0,0
User_1315,1094,0,0
User_1316,795,0,0
User_1317,794,0,1
User_1318,2393,0,0
User_1319,1710,0,0
User_1320,2293,0,0
User_1321,403,0,0
User_1322,329,0,0
User_1323,2678,0,0
User_1324,338,0,0
User_1325,4977,0,0
User_1326,2563,0,0
User_1327,3465,0,0
User_1328,2438,0,0
User_1329,4391,1,0
User_1330,4310,0,0
User_1331,1994,0,0
User_1332,338,1,0
User_1333,4431,0,0
User_1334,826,0,0
User_1335,4768,0,0
User_1336,4844,0,0
User_1337,4146,0,0
User_1338,450,0,0
User_1339,1925,0,0
User_1340,632,0,0
User_1341,101,1,0
User_1342,4132,0,0
User_1343,2630,0,0
User_1344,1899,0,0
User_1345,4034,0,0
User_1346,3841,0,0
User_1347,948,0,0
User_1348,841,0,0
User_1349,3757,0,0
User_1350,1255,0,0
User_1351,836,0,0
User_1352,3050,0,0
User_1353,3961,0,0
User_1354,2229,0,1
User_1355,4750,0,0
User_1356,3270,0,0
User_1357,1946,0,0
User_1358,4545,0,0
User_1359,2757,0,0
User_1360,3254,0,0
User_1361,261,0,1
User_1362,3853,0,0
User_1363,664,0,0
User_1364,3647,0,0
User_1365,3310,0,0
User_1366,4349,0,0
User_1367,2769,0,0
User_1368,1473,0,0
User_1369,1605,0,0
User_1370,125,0,0
User_1371,3017,0,0
User_1372,4400,0,0
User_1373,2654,0,0
User_1374,254,0,0
User_1375,3740,0,0
User_1376,1423,0,0
User_1377,4053,0,0
User_1378,4781,1,0
User_1379,4615,0,0
User_1380,1231,0,0
User_1381,2320,0,0
User_1382,4141,0,0
User_1383,4710,0,0
User_1384,1173,0,0
User_1385,1558,0,0
User_1386,2773,0,0
User_1387,4312,0,0
User_1388,3795,0,0
User_1389,2536,0,0
User_1390,2896,1,0
User_1391,2209,0,0
User_1392,2908,1,0
User_1393,209,0,0
User_1394,227,0,0
User_1395,539,0,0
User_1396,2208,0,0
User_1397,3626,1,0
User_1398,3469,0,0
User_1399,980,0,0
User_1400,2279,0,0
User_1401,552,0,0
User_1402,4699,0,0
User_1403,4970,0,0
User_1404,14,0,0
User_1405,1715,0,0
User_1406,1077,0,0
User_1407,4156,0,0
User_1408,2349,0,0
User_1409,2417,0,0
User_1410,1217,0,0
User_1411,3470,0,0
User_1412,176,0,0
User_1413,4582,0,0
User_1414,3256,0,0
User_1415,3645,0,0
User_1416,1253,0,1
User_1417,137,0,0
User_1418,639,1,0
User_1419,3207,0,0
User_1420,3218,0,0
User_1421,3027,0,0
User_1422,104,0,0
User_1423,3085,1,0
User_1424,1651,0,0
User_1425,1750,0,0
User_1426,4016,1,0
User_1427,1862,0,0
User_1428,2483,0,0
User_1429,4285,0,0
User_1430,3232,0,0
User_1431,2833,0,0
User_1432,1714,0,0
User_1433,4264,0,0
User_1434,4301,0,0
User_1435,664,0,0
User_1436,328,0,0
User_1437,676,0,0
User_1438,1370,0,0
User_1439,3858,0,1
User_1440,1681,0,0
User_1441,829,0,0
User_1442,2295,1,0
User_1443,372,0,0
User_1444,3833,0,0
User_1445,760,0,0
User_1446,1031,0,0
User_1447,481,0,0
User_1448,2683,0,0
User_1449,1392,0,0
User_1450,4193,0,0
User_1451,1401,0,0
User_1452,2696,0,0
User_1453,1981,0,0
User_1454,3819,0,0
User_1455,697,0,0
User_1456,2805,0,0
User_1457,651,0,0
User_1458,4148,0,0
User_1459,1799,0,0
User_1460,4232,0,0
User_1461,3097,0,0
User_1462,4196,0,0
User_1463,4757,0,0
User_1464,248,0,0
User_1465,4971,0,0
User_1466,1448,0,0
User_1467,1285,0,1
User_1468,3912,1,0
User_1469,2125,0,0
User_1470,3096,0,0
User_1471,1417,0,0
User_1472,3495,0,1
User_1473,3457,0,1
User_1474,2873,0,0
User_1475,3598,0,1
User_1476,1735,0,0
User_1477,3489,0,0
User_1478,1033,0,0
User_1479,4272,0,0
User_1480,2583,0,0
User_1481,744,0,1
User_1482,4999,0,0
User_1483,2781,0,0
User_1484,85,0,0
User_1485,86,0,0
User_1486,3485,0,0
User_1487,117,0,0
User_1488,3842,0,0
User_1489,373,0,0
User_1490,2965,0,0
User_1491,4005,0,0
User_1492,1923,0,0
User_1493,2457,1,0
User_1494,3177,0,0
User_1495,4938,0,0
User_1496,2454,0,0
User_1497,545,0,0
User_1498,1161,0,0
User_1499,3389,0,0
User_1500,881,0,0
User_1501,796,0,0
User_1502,1134,0,0
User_1503,623,0,0
User_1504,2260,0,0
User_1505,1807,0,0
User_1506,3047,0,0
User_1507,869,0,0
User_1508,4273,1,0
User_1509,4166,0,0
User_1510,3244,0,0
User_1511,1470,0,0
User_1512,2189,0,0
User_1513,2769,0,0
User_1514,2738,1,1
User_1515,1030,0,0
User_1516,2962,0,0
User_1517,4648,0,0
User_1518,4835,0,0
User_1519,4719,0,0
User_1520,4511,0,0
User_1521,3047,0,0
User_1522,1462,0,0
User_1523,2296,0,0
User_1524,673,0,0
User_1525,2075,1,0
User_1526,873,0,0
User_1527,3127,0,0
User_1528,198,0,0
User_1529,1509,0,1
User_1530,3576,0,0
User_1531,3957,0,0
User_1532,1785,0,0
User_1533,178,0,0
User_1534,1184,1,0
User_1535,2251,0,0
User_1536,3648,0,0
User_1537,1249,0,0
User_1538,1097,0,0
User_1539,1891,0,0
User_1540,505,0,0
User_1541,1568,0,0
User_1542,1744,0,0
User_1543,978,0,0
User_1544,387,0,0
User_1545,1907,0,0
User_1546,2769,0,0
User_1547,4274,0,0
User_1548,3435,0,0
User_1549,2057,0,0
User_1550,3009,0,0
User_1551,3274,0,0
User_1552,2545,0,0
User_1553,282,0,0
User_1554,4924,0,0
User_1555,3750,0,0
User_1556,2894,0,0
User_1557,1443,0,0
User_1558,906,0,0
User_1559,4761,0,0
User_1560,851,0,0
User_1561,343,0,0
User_1562,4234,0,0
User_1563,4843,0,0
User_1564,1335,0,0
User_1565,2876,0,0
User_1566,1320,0,0
User_1567,3978,0,0
User_1568,4149,0,0
User_1569,3075,0,0
User_1570,3953,0,0
User_1571,2277,0,0
User_1572,441,0,0
User_1573,19,0,0
User_1574,1813,0,0
User_1575,2430,0,0
User_1576,378,0,0
User_1577,1268,0,0
User_1578,3358,0,0
User_1579,1112,0,0
User_1580,1102,0,0
User_1581,2790,0,0
User_1582,2821,0,0
User_1583,2091,0,0
User_1584,3430,0,0
User_1585,1715,0,0
User_1586,784,0,0
User_1587,52,0,0
User_1588,4689,0,0
User_1589,602,0,1
User_1590,2583,0,0
User_1591,611,0,0
User_1592,3726,0,0
User_1593,832,0,0
User_1594,3115,0,0
User_1595,4673,0,0
User_1596,1342,0,0
User_1597,4981,0,0
User_1598,2690,0,0
User_1599,2816,0,0
User_1600,2871,0,0
User_1601,1073,0,0
User_1602,1088,0,0
User_1603,2524,0,0
User_1604,4077,0,0
User_1605,2890,0,0
User_1606,546,0,0
User_1607,4298,0,0
User_1608,658,0,0
User_1609,3213,0,0
User_1610,4204,0,0
User_1611,3975,1,0
User_1612,920,1,0
User_1613,3236,0,0
User_1614,4768,0,0
User_1615,1488,0,0
User_1616,1123,0,0
User_1617,3743,0,1
User_1618,1296,0,0
User_1619,1046,0,0
User_1620,337,0,0
User_1621,313,0,0
User_1622,2194,0,0
User_1623,4825,0,0
User_1624,1951,0,0
User_1625,4207,0,0
User_1626,4977,0,0
User_1627,1321,0,0
User_1628,2720,0,0
User_1629,1071,0,0
User_1630,4198,0,0
User_1631,1531,0,0
User_1632,3173,0,0
User_1633,4479,0,0
User_1634,4973,0,0
User_1635,716,1,0
User_1636,2120,0,0
User_1637,4422,0,0
User_1638,342,0,0
User_1639,1519,0,0
User_1640,1877,0,0
User_1641,4114,0,0
User_1642,3476,0,0
User_1643,2870,0,0
User_1644,1619,0,0
User_1645,4658,0,0
User_1646,2613,0,0
User_1647,4377,0,0
User_1648,2129,0,0
User_1649,4785,0,0
User_1650,2297,0,0
User_1651,4937,1,0
User_1652,3086,0,0
User_1653,3512,0,0
User_1654,927,0,0
User_1655,4753,0,0
User_1656,1810,0,0
User_1657,2012,0,0
User_1658,1917,0,0
User_1659,2671,0,0
User_1660,132,0,0
User_1661,3491,0,0
User_1662,1680,0,0
User_1663,1341,0,0
User_1664,4148,1,0
User_1665,1952,0,0
User_1666,2007,1,0
User_1667,1141,0,0
User_1668,1394,0,0
User_1669,2476,0,0
User_1670,2275,1,0
User_1671,3590,0,1
User_1672,148,0,0
User_1673,870,0,0
User_1674,719,0,0
User_1675,1325,0,0
User_1676,4482,0,0
User_1677,3395,0,0
User_1678,2655,0,0
User_1679,4981,0,0
User_1680,344,0,0
User_1681,1754,0,0
User_1682,817,0,0
User_1683,3348,0,0
User_1684,532,0,0
User_1685,996,0,1
User_1686,4342,0,0
User_1687,3634,0,0
User_1688,121,0,0
User_1689,2506,0,0
User_1690,3227,0,0
User_1691,4138,0,0
User_1692,1743,0,0
User_1693,4982,0,0
User_1694,1042,0,0
User_1695,1119,0,0
User_1696,4796,0,0
User_1697,2272,0,0
User_1698,2466,0,0
User_1699,4156,1,0
User_1700,1950,0,0
User_1701,974,0,0
User_1702,641,0,0
User_1703,1794,0,0
User_1704,2325,0,0
User_1705,1923,0,0
User_1706,3717,0,0
User_1707,3263,0,0
User_1708,3649,0,0
User_1709,4468,0,0
User_1710,215,0,0
User_1711,1929,0,0
User_1712,3714,0,0
User_1713,218,1,0
User_1714,3633,0,0
User_1715,4404,0,0
User_1716,4742,1,0
User_1717,3960,0,0
User_1718,358,0,0
User_1719,1930,0,0
User_1720,1027,0,0
User_1721,4803,0,0
User_1722,3409,0,0
User_1723,3375,0,1
User_1724,1452,0,0
User_1725,3136,0,0
User_1726,535,0,0
User_1727,4165,0,0
User_1728,2989,0,0
User_1729,2920,0,0
User_1730,1427,0,0
User_1731,1353,0,0
User_1732,1257,0,0
User_1733,101,0,0
User_1734,3500,0,0
User_1735,2167,0,0
User_1736,2943,0,0
User_1737,973,0,0
User_1738,4406,0,0
User_1739,1942,0,0
User_1740,4450,0,0
User_1741,863,0,0
User_1742,3285,0,0
User_1743,2585,0,0
User_1744,1245,0,0
User_1745,585,0,0
User_1746,1567,1,0
User_1747,1959,0,0
User_1748,3089,0,0
User_1749,4960,0,0
User_1750,659,0,0
User_1751,3273,0,0
User_1752,2739,0,0
User_1753,4120,0,0
User_1754,3049,0,0
User_1755,463,0,0
User_1756,2380,0,0
User_1757,2093,0,0
User_1758,2482,0,0
User_1759,2335,0,1
User_1760,3409,0,0
User_1761,4547,0,0
User_1762,2983,0,0
User_1763,3102,0,0
User_1764,2973,0,1
User_1765,3594,0,0
User_1766,806,0,0
User_1767,1548,1,0
User_1768,1563,0,0
User_1769,2713,0,0
User_1770,19,0,0
User_1771,4477,0,0
User_1772,4571,0,0
User_1773,2973,0,0
User_1774,746,0,0
User_1775,721,0,0
User_1776,3578,0,0
User_1777,797,0,0
User_1778,4483,0,0
User_1779,375,0,0
User_1780,4608,0,0
User_1781,2904,0,0
User_1782,4082,0,0
User_1783,2713,0,0
User_1784,2210,1,0
User_1785,3104,0,0
User_1786,1466,0,0
User_1787,2579,0,0
User_1788,4809,0,0
User_1789,3125,1,0
User_1790,4242,0,0
User_1791,4279,0,0
User_1792,3092,0,0
User_1793,2336,0,0
User_1794,2450,0,0
User_1795,1828,0,0
User_1796,3906,0,0
User_1797,823,0,0
User_1798,3702,0,0
User_1799,4182,0,0
User_1800,1066,0,0
User_1801,2605,0,0
User_1802,3764,0,0
User_1803,4979,0,0
User_1804,1716,0,0
User_1805,3892,0,0
User_1806,4321,0,0
User_1807,4871,1,0
User_1808,1569,0,0
User_1809,1828,0,0
User_1810,1123,0,0
User_1811,3526,0,0
User_1812,53,0,0
User_1813,4661,0,0
User_1814,1252,1,0
User_1815,3374,0,0
User_1816,1209,0,0
User_1817,3589,0,0
User_1818,2169,0,0
User_1819,4511,0,0
User_1820,4007,0,0
User_1821,2331,0,0
User_1822,914,0,0
User_1823,4657,0,0
User_1824,2318,0,0
User_1825,4857,0,0
User_1826,3530,0,0
User_1827,1720,0,0
User_1828,2985,0,0
User_1829,1414,0,0
User_1830,1858,0,0
User_1831,1250,0,0
User_1832,407,0,0
User_1833,4280,0,0
User_1834,4811,0,0
User_1835,622,0,0
User_1836,1506,0,0
User_1837,3022,0,0
User_1838,2071,0,0
User_1839,3671,0,0
User_1840,3159,0,0
User_1841,3049,0,0
User_1842,1307,0,0
User_1843,3647,1,0
User_1844,2537,0,0
User_1845,2177,0,0
User_1846,3999,0,0
User_1847,3379,0,0
User_1848,3099,1,0
User_1849,359,0,0
User_1850,4783,0,0
User_1851,3283,0,0
User_1852,4121,0,0
User_1853,837,0,0
User_1854,1728,0,0
User_1855,4246,0,0
User_1856,3199,0,0
User_1857,4970,0,0
User_1858,1887,0,0
User_1859,4259,0,0
User_1860,510,0,0
User_1861,4323,0,0
User_1862,2521,0,0
User_1863,2640,0,0
User_1864,953,0,0
User_1865,2555,0,0
User_1866,4286,0,0
User_1867,3627,0,0
User_1868,4917,0,0
User_1869,4894,0,0
User_1870,943,0,0
User_1871,274,0,0
User_1872,815,0,0
User_1873,1675,0,0
User_1874,290,0,0
User_1875,3361,0,0
User_1876,404,0,0
User_1877,1519,0,0
User_1878,2733,0,0
User_1879,3136,0,0
User_1880,2782,0,0
User_1881,1101,0,0
User_1882,4562,0,0
User_1883,1163,0,0
User_1884,2145,0,0
User_1885,4600,0,0
User_1886,1935,0,0
User_1887,2645,0,0
User_1888,4305,0,0
User_1889,3862,1,0
User_1890,4383,0,0
User_1891,3245,1,0
User_1892,3886,0,0
User_1893,525,0,0
User_1894,3902,0,0
User_1895,2935,0,0
User_1896,1884,0,1
User_1897,2929,0,0
User_1898,4676,0,0
User_1899,3712,1,0
User_1900,4460,0,0
User_1901,1839,0,0
User_1902,4697,0,0
User_1903,1144,0,0
User_1904,1663,0,0
User_1905,508,0,0
User_1906,4447,0,0
User_1907,1329,0,0
User_1908,4047,0,0
User_1909,2847,0,0
User_1910,3130,0,0
User_1911,1936,0,0
User_1912,2544,0,0
User_1913,2454,0,0
User_1914,887,0,0
User_1915,2515,1,0
User_1916,3786,0,0
User_1917,2839,1,0
User_1918,975,0,0
User_1919,4470,0,0
User_1920,234,0,0
User_1921,679,0,0
User_1922,1723,0,0
User_1923,2809,0,0
User_1924,993,0,0
User_1925,1295,0,0
User_1926,4103,0,0
User_1927,278,0,0
User_1928,710,0,0
User_1929,779,0,0
User_1930,4915,0,0
User_1931,3135,0,0
User_1932,1176,0,0
User_1933,864,0,0
User_1934,1619,0,0
User_1935,2188,0,0
User_1936,1038,0,0
User_1937,1569,0,0
User_1938,4253,0,0
User_1939,2823,0,0
User_1940,1171,0,0
User_1941,4485,0,0
User_1942,2526,0,0
User_1943,3896,0,0
User_1944,61,0,0
User_1945,782,0,0
User_1946,2636,0,0
User_1947,1473,0,0
User_1948,2743,0,0
User_1949,3074,0,0
User_1950,1449,0,0
User_1951,2940,0,0
User_1952,255,0,0
User_1953,143,0,0
User_1954,4575,0,0
User_1955,3303,0,0
User_1956,4808,0,0
User_1957,2714,0,0
User_1958,2377,0,0
User_1959,449,0,0
User_1960,3293,0,0
User_1961,4532,0,0
User_1962,4364,0,0
User_1963,1405,0,0
User_1964,2489,1,0
User_1965,4796,0,0
User_1966,2913,0,0
User_1967,2458,1,0
User_1968,2214,1,0
User_1969,1893,0,0
User_1970,2428,0,0
User_1971,27,0,0
User_1972,437,0,0
User_1973,2058,0,0
User_1974,4084,0,0
User_1975,2160,0,0
User_1976,2162,0,1
User_1977,473,1,0
User_1978,2117,0,0
User_1979,1224,1,0
User_1980,3833,0,0
User_1981,3406,0,0
User_1982,2095,0,0
User_1983,94,0,0
User_1984,540,0,0
User_1985,2196,0,0
User_1986,3021,0,0
User_1987,1132,1,0
User_1988,700,0,0
User_1989,4897,0,0
User_1990,4181,0,0
User_1991,1576,0,0
User_1992,2059,0,0
User_1993,2865,0,0
User_1994,4944,0,0
User_1995,4050,0,0
User_1996,1392,0,0
User_1997,3336,0,0
User_1998,4252,0,0
User_1999,2085,0,0
User_2000,3423,0,0
User_2001,3381,0,0
User_2002,3871,0,0
User_2003,1131,0,0
User_2004,2315,0,0
User_2005,1723,0,0
User_2006,2520,0,0
User_2007,2278,0,0
User_2008,1821,0,0
User_2009,1841,0,0
User_2010,3166,0,0
User_2011,1976,0,0
User_2012,713,0,0
User_2013,1502,0,0
User_2014,4689,0,0
User_2015,428,0,0
User_2016,2281,0,0
User_2017,3061,0,0
User_2018,400,0,0
User_2019,4569,0,0
User_2020,2025,0,0
User_2021,4344,0,0
User_2022,4435,0,0
User_2023,4932,0,0
User_2024,2101,0,0
User_2025,3406,0,0
User_2026,1544,0,0
User_2027,1185,0,0
User_2028,2376,1,0
User_2029,4265,0,0
User_2030,670,0,0
User_2031,346,0,1
User_2032,4237,0,0
User_2033,2041,0,0
User_2034,2308,0,0
User_2035,4428,0,0
User_2036,4841,0,0
User_2037,501,0,0
User_2038,918,0,0
User_2039,631,0,0
User_2040,3604,0,0
User_2041,4701,0,0
User_2042,3332,0,0
User_2043,1167,0,0
User_2044,2762,0,0
User_2045,2740,0,0
User_2046,1661,0,0
User_2047,4061,0,0
User_2048,2212,0,0
User_2049,4259,0,0
User_2050,3652,0,0
User_2051,4311,0,0
User_2052,4049,0,0
User_2053,2962,0,0
User_2054,279,0,0
User_2055,1399,0,0
User_2056,3220,0,0
User_2057,3181,0,0
User_2058,4121,0,0
User_2059,3546,0,0
User_2060,2690,0,0
User_2061,576,1,0
User_2062,4566,0,0
User_2063,237,0,0
User_2064,57,0,0
User_2065,4370,0,0
User_2066,3385,0,0
User_2067,1462,1,0
User_2068,965,0,0
User_2069,3553,0,0
User_2070,1765,0,0
User_2071,2760,0,0
User_2072,4198,0,0
User_2073,2687,0,0
User_2074,585,0,0
User_2075,1107,0,0
User_2076,305,0,0
User_2077,4029,0,0
User_2078,3300,1,0
User_2079,2108,0,0
User_2080,2028,0,0
User_2081,280,0,0
User_2082,4891,0,0
User_2083,3202,0,0
User_2084,3720,0,0
User_2085,2529,0,0
User_2086,2473,0,0
User_2087,2828,0,0
User_2088,1886,0,0
User_2089,1935,0,0
User_2090,2786,0,0
User_2091,1597,0,0
User_2092,3849,0,0
User_2093,762,0,0
User_2094,4265,0,0
User_2095,1875,0,0
User_2096,3440,0,0
User_2097,1284,0,0
User_2098,2307,0,0
User_2099,4192,0,0
User_2100,226,1,0
User_2101,1544,0,0
User_2102,3495,0,0
User_2103,4590,0,0
User_2104,3082,0,0
User_2105,1894,0,0
User_2106,3542,0,0
User_2107,4341,0,0
User_2108,3143,0,0
User_2109,436,0,0
User_2110,4180,0,0
User_2111,1463,0,0
User_2112,2827,0,0
User_2113,2334,0,0
User_2114,4584,0,1
User_2115,3757,0,0
User_2116,4712,0,0
User_2117,4041,0,0
User_2118,720,0,0
User_2119,2892,0,0
User_2120,3268,0,0
User_2121,2417,0,0
User_2122,4354,0,0
User_2123,2119,0,0
User_2124,3291,0,0
User_2125,3870,0,1
User_2126,4329,0,0
User_2127,2719,0,0
User_2128,4598,0,0
User_2129,43,0,0
User_2130,3291,0,0
User_2131,4376,1,0
User_2132,810,0,0
User_2133,1287,0,0
User_2134,3634,0,0
User_2135,3386,0,0
User_2136,1549,0,0
User_2137,2972,0,0
User_2138,1195,0,0
User_2139,1304,0,0
User_2140,831,1,0
User_2141,635,0,0
User_2142,933,0,0
User_2143,1587,0,0
User_2144,1159,0,0
User_2145,3323,0,0
User_2146,3103,0,0
User_2147,4398,0,1
User_2148,1758,0,0
User_2149,3448,0,0
User_2150,3111,0,0
User_2151,711,0,0
User_2152,3887,0,0
User_2153,25,0,0
User_2154,3632,0,0
User_2155,4231,0,0
User_2156,3388,1,0
User_2157,2040,0,1
User_2158,1451,0,0
User_2159,4575,0,0
User_2160,4476,0,0
User_2161,3643,0,0
User_2162,3610,0,0
User_2163,3751,0,0
User_2164,318,0,0
User_2165,3108,1,0
User_2166,3113,0,0
User_2167,722,0,0
User_2168,4269,0,0
User_2169,3149,0,0
User_2170,2194,0,0
User_2171,2594,0,0
User_2172,413,0,0
User_2173,2144,0,0
User_2174,969,0,0
User_2175,4454,0,0
User_2176,3882,0,0
User_2177,2409,0,0
User_2178,688,0,0
User_2179,4102,0,0
User_2180,555,0,0
User_2181,4626,0,0
User_2182,462,0,0
User_2183,3843,0,0
User_2184,4633,0,0
User_2185,247,0,0
User_2186,3596,0,0
User_2187,2286,0,0
User_2188,2961,0,0
User_2189,518,0,0
User_2190,1900,0,0
User_2191,2048,0,0
User_2192,3177,0,0
User_2193,3894,0,0
User_2194,947,0,0
User_2195,3295,0,0
User_2196,947,0,0
User_2197,1195,0,0
User_2198,2076,0,0
User_2199,2044,0,0
User_2200,1436,0,0
User_2201,1418,0,0
User_2202,3530,0,0
User_2203,1489,0,0
User_2204,1170,0,0
User_2205,4150,0,0
User_2206,4100,0,0
User_2207,3428,0,0
User_2208,451,0,0
User_2209,2561,0,0
User_2210,1534,0,0
User_2211,4218,0,0
User_2212,24,0,0
User_2213,4096,0,0
User_2214,3318,0,0
User_2215,3927,0,0
User_2216,3102,0,0
User_2217,2483,0,0
User_2218,1844,0,0
User_2219,3091,1,0
User_2220,4574,0,0
User_2221,3836,0,0
User_2222,4021,0,0
User_2223,1511,0,0
User_2224,1238,0,0
User_2225,3541,0,0
User_2226,2598,0,0
User_2227,1376,0,0
User_2228,703,0,0
User_2229,2311,0,0
User_2230,2601,0,0
User_2231,2698,0,0
User_2232,2615,0,1
User_2233,4027,0,0
User_2234,1732,0,0
User_2235,709,0,0
User_2236,3531,0,0
User_2237,2707,0,0
User_2238,1379,0,0
User_2239,3789,0,0
User_2240,4129,1,0
User_2241,2737,0,0
User_2242,2658,0,0
User_2243,797,0,0
User_2244,3303,0,0
User_2245,2422,0,0
User_2246,2225,0,0
User_2247,4830,0,0
User_2248,3832,0,0
User_2249,586,0,0
User_2250,78,0,1
User_2251,4313,1,0
User_2252,799,0,0
User_2253,4561,0,0
User_2254,1565,0,0
User_2255,2103,0,0
User_2256,2529,0,0
User_2257,27,0,0
User_2258,2804,0,0
User_2259,286,0,0
User_2260,276,0,0
User_2261,705,0,0
User_2262,1699,0,0
User_2263,3324,0,0
User_2264,2086,0,0
User_2265,3266,0,0
User_2266,460,0,0
User_2267,3071,0,0
User_2268,3977,0,0
User_2269,3276,0,0
User_2270,360,0,0
User_2271,2984,0,0
User_2272,3806,0,0
User_2273,2241,0,0
User_2274,3232,0,0
User_2275,626,0,0
User_2276,494,0,0
User_2277,3211,0,0
User_2278,4563,0,0
User_2279,3798,0,0
User_2280,2234,0,0
User_2281,2248,0,0
User_2282,693,0,1
User_2283,4974,0,0
User_2284,2096,0,0
User_2285,2561,0,0
User_2286,3701,0,0
User_2287,907,0,0
User_2288,310,0,0
User_2289,1882,0,0
User_2290,2364,0,0
User_2291,463,0,0
User_2292,4122,0,0
User_2293,2285,0,0
User_2294,2022,0,0
User_2295,1962,0,0
User_2296,2047,0,0
User_2297,2382,0,0
User_2298,3652,0,0
User_2299,4949,0,0
User_2300,1679,0,0
User_2301,3779,0,0
User_2302,1570,0,0
User_2303,837,0,0
User_2304,2392,1,0
User_2305,557,0,1
User_2306,2269,0,0
User_2307,2585,0,0
User_2308,1633,0,0
User_2309,3346,1,0
User_2310,3338,0,0
User_2311,1699,0,0
User_2312,4339,0,0
User_2313,40,0,0
User_2314,4655,0,0
User_2315,170,0,0
User_2316,1720,0,0
User_2317,1674,0,0
User_2318,1784,0,0
User_2319,4781,0,0
User_2320,664,1,0
User_2321,3405,0,0
User_2322,3377,0,0
User_2323,4598,0,0
User_2324,2979,0,0
User_2325,2280,0,0
User_2326,1659,0,0
User_2327,1395,0,0
User_2328,2880,0,0
User_2329,4614,0,0
User_2330,2711,0,0
User_2331,64,0,0
User_2332,4211,0,0
User_2333,4827,0,0
User_2334,828,0,0
User_2335,1875,0,0
User_2336,1761,0,0
User_2337,2295,0,0
User_2338,4684,0,0
User_2339,2121,0,0
User_2340,480,0,0
User_2341,4437,0,0
User_2342,4611,0,0
User_2343,3198,0,0
User_2344,2534,0,0
User_2345,2869,0,0
User_2346,4129,0,0
User_2347,1675,0,0
User_2348,745,0,0
User_2349,262,0,0
User_2350,3816,0,0
User_2351,4463,0,0
User_2352,3967,0,0
User_2353,2574,0,0
User_2354,2117,0,0
User_2355,1864,0,0
User_2356,3600,0,0
User_2357,718,0,0
User_2358,2259,0,0
User_2359,1733,0,0
User_2360,3474,0,0
User_2361,3952,0,0
User_2362,2898,0,0
User_2363,3517,0,0
User_2364,4093,0,0
User_2365,244,0,0
User_2366,4804,0,0
User_2367,4039,0,0
User_2368,4892,0,0
User_2369,2795,0,0
User_2370,2811,0,0
User_2371,1585,0,0
User_2372,4950,0,0
User_2373,2108,0,0
User_2374,2211,0,0
User_2375,43,0,0
User_2376,4442,0,0
User_2377,4590,0,0
User_2378,1680,0,0
User_2379,3334,0,1
User_2380,3037,0,0
User_2381,2551,0,0
User_2382,376,0,0
User_2383,3833,0,0
User_2384,4190,0,0
User_2385,950,0,0
User_2386,1376,0,0
User_2387,4889,0,0
User_2388,3569,0,0
User_2389,1021,0,0
User_2390,1121,0,0
User_2391,196,0,0
User_2392,3719,0,0
User_2393,605,0,0
User_2394,4937,0,1
User_2395,4026,0,0
User_2396,1456,0,0
User_2397,2555,0,0
User_2398,554,0,0
User_2399,3073,0,0
User_2400,2308,0,0
User_2401,3306,0,0
User_2402,4331,0,0
User_2403,3562,1,0
User_2404,2548,0,0
User_2405,3256,0,1
User_2406,1637,0,0
User_2407,1189,0,0
User_2408,1009,0,0
User_2409,4971,1,0
User_2410,1202,0,0
User_2411,2757,1,0
User_2412,2177,0,0
User_2413,2946,0,0
User_2414,4873,0,0
User_2415,4584,0,0
User_2416,436,0,0
User_2417,1699,0,0
User_2418,519,0,0
User_2419,1372,0,0
User_2420,790,0,0
User_2421,4272,0,0
User_2422,683,0,0
User_2423,4285,0,0
User_2424,4762,0,0
User_2425,3434,0,0
User_2426,4323,0,0
User_2427,2024,0,0
User_2428,2595,0,0
User_2429,2429,0,0
User_2430,4914,0,0
User_2431,3954,0,0
User_2432,4090,0,0
User_2433,4268,0,0
User_2434,396,0,0
User_2435,1437,0,0
User_2436,1966,0,0
User_2437,590,0,0
User_2438,1865,0,0
User_2439,283,0,0
User_2440,3745,0,0
User_2441,1954,0,0
User_2442,2852,0,0
User_2443,1552,0,0
User_2444,2667,0,0
User_2445,1004,0,0
User_2446,2559,0,0
User_2447,1723,0,0
User_2448,1227,0,0
User_2449,501,0,0
User_2450,3788,0,0
User_2451,4172,0,0
User_2452,4411,0,0
User_2453,4241,0,0
User_2454,1135,1,0
User_2455,3543,0,0
User_2456,2113,0,0
User_2457,2115,0,0
User_2458,1746,0,0
User_2459,1679,0,0
User_2460,524,0,0
User_2461,785,0,0
User_2462,896,1,0
User_2463,4890,0,0
User_2464,3844,0,0
User_2465,503,0,0
User_2466,1349,0,0
User_2467,3163,0,0
User_2468,2042,0,1
User_2469,4269,0,0
User_2470,3654,0,0
User_2471,946,0,0
User_2472,1514,0,0
User_2473,3085,0,0
User_2474,751,0,0
User_2475,15,0,0
User_2476,1797,0,0
User_2477,351,0,0
User_2478,1414,0,0
User_2479,1693,0,0
User_2480,775,0,0
User_2481,2981,0,0
User_2482,2891,0,0
User_2483,808,0,0
User_2484,371,0,0
User_2485,4419,0,0
User_2486,4813,0,0
User_2487,1137,0,0
User_2488,3015,0,0
User_2489,2029,0,0
User_2490,263,0,0
User_2491,233,0,0
User_2492,4091,0,0
User_2493,829,0,0
User_2494,130,0,0
User_2495,1781,0,0
User_2496,2878,0,0
User_2497,4750,0,0
User_2498,1551,0,0
User_2499,327,0,0
